,Datetime,Open,High,Low,Close,Volume,rsi,macd,obv,so,action,change_pct,change_shares,profits,shares,curr_capital
33,2024-01-12 00:00:00-05:00,155.38999938964844,156.1999969482422,154.00999450683594,154.6199951171875,40460300,63.09747797388568,0.26641062913687263,38587000.0,82.99619589343243,hold,0.0,0.0,0.0,0.0,10000.0
34,2024-01-16 00:00:00-05:00,153.52999877929688,154.99000549316406,152.14999389648438,153.16000366210938,41384600,58.878310153820294,0.22205347148732368,-2797600.0,78.27742318654497,hold,0.0,0.0,0.0,0.0,10000.0
35,2024-01-17 00:00:00-05:00,151.49000549316406,152.14999389648438,149.91000366210938,151.7100067138672,34953400,54.948495541850114,0.07770903790148709,-37751000.0,69.46139866082366,hold,0.0,0.0,0.0,0.0,10000.0
36,2024-01-18 00:00:00-05:00,152.77000427246094,153.77999877929688,151.82000732421875,153.5,37850200,58.620249650738465,0.08485278349419478,99200.0,66.61588155205513,hold,0.0,0.0,0.0,0.0,10000.0
37,2024-01-19 00:00:00-05:00,153.8300018310547,155.75999450683594,152.74000549316406,155.33999633789062,51033700,62.04467168975881,0.18956957932325258,51132900.0,72.15448289123145,hold,0.0,0.0,0.0,0.0,10000.0
38,2024-01-22 00:00:00-05:00,156.88999938964844,157.0500030517578,153.89999389648438,154.77999877929688,43687500,60.40621524324095,0.1963597741951315,7445400.0,79.95426238303916,hold,0.0,0.0,0.0,0.0,10000.0
39,2024-01-23 00:00:00-05:00,154.85000610351562,156.2100067138672,153.92999267578125,156.02000427246094,37986000,62.75183419170492,0.2558399654880881,45431400.0,86.35671464503143,hold,0.0,0.0,0.0,0.0,10000.0
40,2024-01-24 00:00:00-05:00,157.8000030517578,158.50999450683594,156.47999572753906,156.8699951171875,48547300,64.31254123236597,0.31975424109859496,93978700.0,87.2255664147741,hold,0.0,0.0,0.0,0.0,10000.0
41,2024-01-25 00:00:00-05:00,156.9499969482422,158.50999450683594,154.5500030517578,157.75,43638600,65.90533112797614,0.3842838641132871,137617300.0,91.48562159762261,hold,0.0,0.0,0.0,0.0,10000.0
42,2024-01-26 00:00:00-05:00,158.4199981689453,160.72000122070312,157.91000366210938,159.1199951171875,51047400,68.27894012037873,0.47621059688344847,188664700.0,90.74685343153317,hold,0.0,0.0,0.0,0.0,10000.0
43,2024-01-29 00:00:00-05:00,159.33999633789062,161.2899932861328,158.89999389648438,161.25999450683594,45270400,71.60440927022036,0.6285448495648329,233935100.0,94.45094872110207,hold,0.0,0.0,0.0,0.0,10000.0
44,2024-01-30 00:00:00-05:00,160.6999969482422,161.72999572753906,158.49000549316406,159.0,45207400,63.97652182184634,0.5285258400531352,188727700.0,88.56424003271403,hold,0.0,0.0,0.0,0.0,10000.0
45,2024-01-31 00:00:00-05:00,157.0,159.00999450683594,154.80999755859375,155.1999969482422,50284400,53.631214687177255,0.17609549155070026,138443300.0,73.8096172042259,buy,-0.18623999633789062,12.0,0.0,12.0,8137.600036621094
46,2024-02-01 00:00:00-05:00,155.8699951171875,159.75999450683594,155.6199951171875,159.27999877929688,76542400,60.93533564352515,0.18641573226833774,214985700.0,66.97687728198872,buy,-0.19573338338392132,10.0,48.96002197265625,22.0,6544.800048828125
47,2024-02-02 00:00:00-05:00,169.19000244140625,172.5,167.3300018310547,171.80999755859375,117154900,74.31605217654011,0.9623941959318763,332140600.0,73.65753257695982,buy,-0.18375962198043003,7.0,324.6199951171875,29.0,5342.130065917969
48,2024-02-05 00:00:00-05:00,170.1999969482422,170.5500030517578,167.6999969482422,170.30999755859375,55081300,71.17311180742041,1.2800390906600891,277059300.0,88.84113462216904,buy,-0.19128324708357142,6.0,281.1199951171875,35.0,4320.270080566406
49,2024-02-06 00:00:00-05:00,169.38999938964844,170.7100067138672,167.64999389648438,169.14999389648438,42505500,68.75158646244415,1.3125382174892986,234553800.0,90.35057025908324,buy,-0.19576321704673158,5.0,240.51986694335938,40.0,3474.5201110839844
50,2024-02-07 00:00:00-05:00,169.47999572753906,170.8800048828125,168.94000244140625,170.52999877929688,47174100,70.05678747934004,1.3237157145772418,281727900.0,88.04550879146014,buy,-0.19632063516949366,4.0,295.7200622558594,44.0,2792.400115966797
51,2024-02-08 00:00:00-05:00,169.64999389648438,171.42999267578125,168.8800048828125,169.83999633789062,42316500,68.51581478047585,1.1858232369539516,239411400.0,86.51000120053351,buy,-0.18246668380375125,3.0,265.3599548339844,47.0,2282.880126953125
52,2024-02-09 00:00:00-05:00,170.89999389648438,175.0,170.5800018310547,174.4499969482422,56986000,72.81776112656287,1.2972562206457496,296397400.0,91.03963503930568,buy,-0.15283325207361992,2.0,482.0299835205078,49.0,1933.9801330566406
53,2024-02-12 00:00:00-05:00,174.8000030517578,175.38999938964844,171.5399932861328,172.33999633789062,51050400,68.22293371528608,1.1273085840216481,245347000.0,89.48440526013175,buy,-0.17822313000238382,2.0,378.63995361328125,51.0,1589.3001403808594
54,2024-02-13 00:00:00-05:00,167.72999572753906,170.9499969482422,165.75,168.63999938964844,56345100,60.95898040407537,0.6858667457121781,189001900.0,83.45488834558601,hold,0.0,0.0,189.9401092529297,51.0,1589.3001403808594
55,2024-02-14 00:00:00-05:00,169.2100067138672,171.2100067138672,168.27999877929688,170.97999572753906,42815500,63.598701393442404,0.4812937440605447,231817400.0,77.18214592030229,hold,0.0,0.0,309.27992248535156,51.0,1589.3001403808594
56,2024-02-15 00:00:00-05:00,170.5800018310547,171.1699981689453,167.58999633789062,169.8000030517578,49855200,61.346158527694314,0.2101751537867642,181962200.0,73.00649946582914,buy,-0.10683948156643779,1.0,249.1002960205078,52.0,1419.5001373291016
57,2024-02-16 00:00:00-05:00,168.74000549316406,170.4199981689453,167.1699981689453,169.50999450683594,48074600,60.77641933968817,-0.032122761352025186,133887600.0,74.27922988349789,hold,0.0,0.0,234.0198516845703,52.0,1419.5001373291016
58,2024-02-20 00:00:00-05:00,167.8300018310547,168.7100067138672,165.74000549316406,167.0800018310547,41980300,56.07691867560766,-0.38015035214301385,91907300.0,67.9624278920951,hold,0.0,0.0,107.66023254394531,52.0,1419.5001373291016
59,2024-02-21 00:00:00-05:00,168.94000244140625,170.22999572753906,167.13999938964844,168.58999633789062,44575600,58.23791422569771,-0.5238958568957814,136482900.0,65.55133337981172,hold,0.0,0.0,186.17994689941406,52.0,1419.5001373291016
60,2024-02-22 00:00:00-05:00,173.10000610351562,174.8000030517578,171.77000427246094,174.5800018310547,55392400,65.4910989606909,-0.24496803117810195,191875300.0,72.27722916732174,hold,0.0,0.0,497.6602325439453,52.0,1419.5001373291016
61,2024-02-23 00:00:00-05:00,174.27999877929688,175.75,173.6999969482422,174.99000549316406,59715200,65.92731151350415,-0.07128295725640221,251590500.0,83.20610797020402,hold,0.0,0.0,518.9804229736328,52.0,1419.5001373291016
62,2024-02-26 00:00:00-05:00,175.6999969482422,176.3699951171875,174.25999450683594,174.72999572753906,44368600,65.36304289311688,-0.01526308325129655,207221900.0,89.52861251369656,hold,0.0,0.0,505.4599151611328,52.0,1419.5001373291016
63,2024-02-27 00:00:00-05:00,174.0800018310547,174.6199951171875,172.86000061035156,173.5399932861328,31141700,62.71728173365848,-0.09524530364575234,176080200.0,83.4522636548913,hold,0.0,0.0,443.5797882080078,52.0,1419.5001373291016
64,2024-02-28 00:00:00-05:00,172.44000244140625,174.0500030517578,172.27000427246094,173.16000366210938,28180500,61.85626686835001,-0.2043679928730615,147899700.0,75.9172148878844,hold,0.0,0.0,423.82032775878906,52.0,1419.5001373291016
65,2024-02-29 00:00:00-05:00,173.00999450683594,177.22000122070312,172.85000610351562,176.75999450683594,53805400,66.54256966738885,-0.07157612018349013,201705100.0,79.7242197440302,hold,0.0,0.0,611.0198516845703,52.0,1419.5001373291016
66,2024-03-01 00:00:00-05:00,176.75,178.72999572753906,176.07000732421875,178.22000122070312,31956200,68.2464443665111,0.06947629247511244,233661300.0,87.28980351325103,hold,0.0,0.0,686.9402008056641,52.0,1419.5001373291016
67,2024-03-04 00:00:00-05:00,177.52999877929688,180.13999938964844,177.49000549316406,177.5800018310547,37381500,66.64424298731147,0.07413621695008832,196279800.0,91.42971512136305,hold,0.0,0.0,653.6602325439453,52.0,1419.5001373291016
68,2024-03-05 00:00:00-05:00,176.92999267578125,176.92999267578125,173.3000030517578,174.1199951171875,37228300,58.630381093295966,-0.1870715595629857,159051500.0,78.83019034489945,hold,0.0,0.0,473.73988342285156,52.0,1419.5001373291016
69,2024-03-06 00:00:00-05:00,175.5399932861328,176.4600067138672,173.25999450683594,173.50999450683594,32090900,57.321692753279756,-0.4189200117544756,126960600.0,64.79163620205753,hold,0.0,0.0,442.0198516845703,52.0,1419.5001373291016
70,2024-03-07 00:00:00-05:00,174.8300018310547,177.99000549316406,173.72000122070312,176.82000732421875,34063300,62.24615481376966,-0.36909182673308294,161023900.0,63.03238891278962,hold,0.0,0.0,614.1405181884766,52.0,1419.5001373291016
71,2024-03-08 00:00:00-05:00,176.44000244140625,178.7899932861328,174.3300018310547,175.35000610351562,37853500,58.99072705518292,-0.4495343522795001,123170400.0,65.87963777314833,hold,0.0,0.0,537.7004547119141,52.0,1419.5001373291016
72,2024-03-11 00:00:00-04:00,174.30999755859375,174.47000122070312,171.47000122070312,171.9600067138672,28484800,52.209453154824686,-0.7289163232886273,94685600.0,60.25253760887465,hold,0.0,0.0,361.4204864501953,52.0,1419.5001373291016
73,2024-03-12 00:00:00-04:00,173.5,176.75999450683594,171.97999572753906,175.38999938964844,36610600,57.529257360543944,-0.6814467114230278,131296200.0,49.675496984001875,hold,0.0,0.0,539.7801055908203,52.0,1419.5001373291016
74,2024-03-13 00:00:00-04:00,175.89999389648438,177.6199951171875,175.5500030517578,176.55999755859375,30772600,59.19771360294254,-0.5742757098419982,162068800.0,46.99950221128669,hold,0.0,0.0,600.6200103759766,52.0,1419.5001373291016
75,2024-03-14 00:00:00-04:00,177.69000244140625,179.52999877929688,176.47000122070312,178.75,43705800,62.191740844515486,-0.36889993453071357,205774600.0,62.62974519987492,hold,0.0,0.0,714.5001373291016,52.0,1419.5001373291016
76,2024-03-15 00:00:00-04:00,176.63999938964844,177.92999267578125,173.89999389648438,174.4199981689453,72115500,53.78779654190388,-0.5279880902751848,133659100.0,58.900404847849124,hold,0.0,0.0,489.3400421142578,52.0,1419.5001373291016
77,2024-03-18 00:00:00-04:00,175.8000030517578,176.69000244140625,174.27999877929688,174.47999572753906,31250700,53.880792157340466,-0.6258126162938411,164909800.0,50.90347185923192,hold,0.0,0.0,492.4599151611328,52.0,1419.5001373291016
78,2024-03-19 00:00:00-04:00,174.22000122070312,176.08999633789062,173.52000427246094,175.89999389648438,26880900,56.13090037786988,-0.5918917474881704,191790700.0,39.94612197295422,hold,0.0,0.0,566.2998199462891,52.0,1419.5001373291016
79,2024-03-20 00:00:00-04:00,176.13999938964844,178.52999877929688,174.63999938964844,178.14999389648438,29947200,59.50245128017912,-0.42285578669120216,221737900.0,54.28674679145906,hold,0.0,0.0,683.2998199462891,52.0,1419.5001373291016
80,2024-03-21 00:00:00-04:00,179.99000549316406,181.4199981689453,178.14999389648438,178.14999389648438,32824300,59.502451280179116,-0.32061941794902493,221737900.0,65.09283513169648,hold,0.0,0.0,683.2998199462891,52.0,1419.5001373291016
81,2024-03-22 00:00:00-04:00,177.75,179.25999450683594,176.75,178.8699951171875,27964100,60.625518947381984,-0.21893158641140031,249702000.0,72.85155581207951,hold,0.0,0.0,720.7398834228516,52.0,1419.5001373291016
82,2024-03-25 00:00:00-04:00,178.00999450683594,180.99000549316406,177.24000549316406,179.7100067138672,29815500,61.951246710186936,-0.11476044032760901,279517500.0,74.77386569910067,hold,0.0,0.0,764.4204864501953,52.0,1419.5001373291016
83,2024-03-26 00:00:00-04:00,180.14999389648438,180.4499969482422,177.9499969482422,178.3000030517578,29659000,58.39698366599773,-0.15782277952125234,249858500.0,75.27640908698228,hold,0.0,0.0,691.1002960205078,52.0,1419.5001373291016
84,2024-03-27 00:00:00-04:00,179.8800048828125,180.0,177.30999755859375,179.8300018310547,33272600,61.010937060017525,-0.10292701845497598,283131100.0,78.49251296741876,hold,0.0,0.0,770.6602325439453,52.0,1419.5001373291016
85,2024-03-28 00:00:00-04:00,180.1699981689453,181.6999969482422,179.25999450683594,180.3800048828125,38051600,61.936779843629246,-0.051817190803375546,321182700.0,79.92007810313288,hold,0.0,0.0,799.2603912353516,52.0,1419.5001373291016
86,2024-04-01 00:00:00-04:00,180.7899932861328,183.0,179.9499969482422,180.97000122070312,29174500,62.953065112520726,-0.0030891945420754574,350357200.0,84.23198145344624,hold,0.0,0.0,829.9402008056641,52.0,1419.5001373291016
87,2024-04-02 00:00:00-04:00,179.07000732421875,180.7899932861328,178.3800048828125,180.69000244140625,32611500,62.1055797052776,-0.013922501148139865,317745700.0,81.4362460392422,hold,0.0,0.0,815.3802642822266,52.0,1419.5001373291016
88,2024-04-03 00:00:00-04:00,179.89999389648438,182.8699951171875,179.8000030517578,182.41000366210938,31046600,65.20440384757353,0.06614728116789248,348792300.0,83.66276629475936,hold,0.0,0.0,904.8203277587891,52.0,1419.5001373291016
89,2024-04-04 00:00:00-04:00,184.0,185.10000610351562,180.0,180.0,41624300,58.04231036901858,-0.06472205797391073,307168000.0,75.12261225873183,hold,0.0,0.0,779.5001373291016,52.0,1419.5001373291016
90,2024-04-05 00:00:00-04:00,182.3800048828125,186.27000427246094,181.97000122070312,185.07000732421875,42335200,66.40295409012317,0.1565607762735448,349503200.0,80.10772328060774,hold,0.0,0.0,1043.1405181884766,52.0,1419.5001373291016
91,2024-04-08 00:00:00-04:00,186.89999389648438,187.2899932861328,184.80999755859375,185.19000244140625,39221300,66.57272714681089,0.2707107100565005,388724500.0,77.09875745535925,hold,0.0,0.0,1049.3802642822266,52.0,1419.5001373291016
92,2024-04-09 00:00:00-04:00,187.24000549316406,187.33999633789062,184.1999969482422,185.6699981689453,36546900,67.28488233525671,0.3340852826429641,425271400.0,87.396057948493,hold,0.0,0.0,1074.3400421142578,52.0,1419.5001373291016
93,2024-04-10 00:00:00-04:00,182.77000427246094,186.27000427246094,182.6699981689453,185.9499969482422,35879200,67.71694994022536,0.34878785675204327,461150600.0,86.15810855370842,hold,0.0,0.0,1088.8999786376953,52.0,1419.5001373291016
94,2024-04-11 00:00:00-04:00,186.74000549316406,189.77000427246094,185.50999450683594,189.0500030517578,40020700,72.1089223915534,0.5113843532214357,501171300.0,89.39828484195019,hold,0.0,0.0,1250.1002960205078,52.0,1419.5001373291016
95,2024-04-12 00:00:00-04:00,187.72000122070312,188.3800048828125,185.0800018310547,186.1300048828125,38554300,63.36441779811708,0.37280616079776063,462617000.0,84.0980574261558,hold,0.0,0.0,1098.2603912353516,52.0,1419.5001373291016
96,2024-04-15 00:00:00-04:00,187.42999267578125,188.69000244140625,183.0,183.6199951171875,48052400,56.96908744514106,0.07803680737652785,414564600.0,72.02058964213961,hold,0.0,0.0,967.7398834228516,52.0,1419.5001373291016
97,2024-04-16 00:00:00-04:00,183.27000427246094,184.8300018310547,182.25999450683594,183.32000732421875,32891300,56.23851342955611,-0.15831726563134785,381673300.0,56.60871090322062,hold,0.0,0.0,952.1405181884766,52.0,1419.5001373291016
98,2024-04-17 00:00:00-04:00,184.30999755859375,184.57000732421875,179.82000732421875,181.27999877929688,31359700,51.410282476477406,-0.45635092381578035,350313600.0,41.44576280565221,hold,0.0,0.0,846.0600738525391,52.0,1419.5001373291016
99,2024-04-18 00:00:00-04:00,181.47000122070312,182.38999938964844,178.64999389648438,179.22000122070312,30723800,47.02033499171814,-0.7776562703063208,319589800.0,27.023379740573,hold,0.0,0.0,738.9402008056641,52.0,1419.5001373291016
100,2024-04-19 00:00:00-04:00,178.74000549316406,179.0,173.44000244140625,174.6300048828125,55950000,39.024298666909246,-1.2563906785972199,263639800.0,13.374317506504354,hold,0.0,0.0,500.26039123535156,52.0,1419.5001373291016
101,2024-04-22 00:00:00-04:00,176.94000244140625,178.8699951171875,174.55999755859375,177.22999572753906,37924900,44.755220046891864,-1.3469907707912787,301564700.0,12.62361617031425,hold,0.0,0.0,635.4599151611328,52.0,1419.5001373291016
102,2024-04-23 00:00:00-04:00,178.0800018310547,179.92999267578125,175.97999572753906,179.5399932861328,37046500,49.31333957846375,-1.2050030161336955,338611200.0,22.61683063867322,hold,0.0,0.0,755.5797882080078,52.0,1419.5001373291016
103,2024-04-24 00:00:00-04:00,179.94000244140625,180.32000732421875,176.17999267578125,176.58999633789062,34185100,44.287897682029936,-1.2576110532668685,304426100.0,26.617629241056758,hold,0.0,0.0,602.1799468994141,52.0,1419.5001373291016
104,2024-04-25 00:00:00-04:00,169.67999267578125,173.9199981689453,166.32000732421875,173.6699981689453,49249400,39.94826060033805,-1.4246493605192978,255176700.0,29.32912064415674,hold,0.0,0.0,450.3400421142578,52.0,1419.5001373291016
105,2024-04-26 00:00:00-04:00,177.8000030517578,180.82000732421875,176.1300048828125,179.6199951171875,43919800,50.57568154321211,-1.0853444895932975,299096500.0,35.7830777551485,hold,0.0,0.0,759.7398834228516,52.0,1419.5001373291016
106,2024-04-29 00:00:00-04:00,182.75,183.52999877929688,179.38999938964844,180.9600067138672,54063900,52.60975998592992,-0.7381852218271442,353160400.0,50.163443667298054,hold,0.0,0.0,829.4204864501953,52.0,1419.5001373291016
107,2024-04-30 00:00:00-04:00,181.08999633789062,182.99000549316406,174.8000030517578,175.0,94639800,43.94661950485692,-0.868489273721553,258520600.0,52.05399377979232,hold,0.0,0.0,519.5001373291016,52.0,1419.5001373291016
108,2024-05-01 00:00:00-04:00,181.63999938964844,185.14999389648438,176.55999755859375,179.0,94645100,49.90834951077634,-0.653623507840634,353165700.0,52.04288180041539,hold,0.0,0.0,727.5001373291016,52.0,1419.5001373291016
109,2024-05-02 00:00:00-04:00,180.85000610351562,185.10000610351562,179.91000366210938,184.72000122070312,54303500,56.958225475844,-0.12241940586744626,407469200.0,58.6503147860294,hold,0.0,0.0,1024.940200805664,52.0,1419.5001373291016
110,2024-05-03 00:00:00-04:00,186.99000549316406,187.8699951171875,185.4199981689453,186.2100067138672,39172000,58.59303067593597,0.30954341317642564,446641200.0,77.07769286981959,hold,0.0,0.0,1102.4204864501953,52.0,1419.5001373291016
111,2024-05-06 00:00:00-04:00,186.27999877929688,188.75,184.8000030517578,188.6999969482422,34725300,61.24231248191797,0.7197706919289298,481366500.0,91.44237063178721,hold,0.0,0.0,1231.8999786376953,52.0,1419.5001373291016
112,2024-05-07 00:00:00-04:00,188.9199981689453,189.94000244140625,187.30999755859375,188.75999450683594,34048900,61.306553548789736,0.9381528046295792,515415400.0,95.69276762227024,hold,0.0,0.0,1235.0198516845703,52.0,1419.5001373291016
113,2024-05-08 00:00:00-04:00,187.44000244140625,188.42999267578125,186.38999938964844,188.0,26136400,59.95101160064438,0.9703739147250512,489279000.0,95.52262637722728,hold,0.0,0.0,1195.5001373291016,52.0,1419.5001373291016
114,2024-05-09 00:00:00-04:00,188.8800048828125,191.6999969482422,187.44000244140625,189.5,43368400,61.7487131743581,1.0262397223203545,532647400.0,92.70752477256696,buy,-0.1334976975462354,1.0,1273.5001373291016,53.0,1230.0001373291016
115,2024-05-10 00:00:00-04:00,189.16000366210938,189.88999938964844,186.92999267578125,187.47999572753906,34141800,57.97464404310384,0.8670195330758583,498505600.0,88.8303660240011,hold,0.0,0.0,1166.4399108886719,53.0,1230.0001373291016
116,2024-05-13 00:00:00-04:00,188.0,188.30999755859375,185.36000061035156,186.57000732421875,24898600,56.30509982623759,0.6501967000126656,473607000.0,84.83058508682223,hold,0.0,0.0,1118.2105255126953,53.0,1230.0001373291016
117,2024-05-14 00:00:00-04:00,183.82000732421875,187.72000122070312,183.4499969482422,187.07000732421875,38698200,57.03720121405489,0.4971360930537525,512305200.0,81.63910403977306,hold,0.0,0.0,1144.7105255126953,53.0,1230.0001373291016
118,2024-05-15 00:00:00-04:00,185.97000122070312,186.72000122070312,182.72999572753906,185.99000549316406,75459900,54.89759918293875,0.2900990046729801,436845300.0,75.91921513364551,buy,-0.15121136969710774,1.0,1087.4704284667969,54.0,1044.0101318359375
119,2024-05-16 00:00:00-04:00,185.60000610351562,187.30999755859375,183.4600067138672,183.6300048828125,38834500,50.44451361344854,-0.022263996376138184,398010800.0,66.73964305129188,hold,0.0,0.0,960.0303955078125,54.0,1044.0101318359375
120,2024-05-17 00:00:00-04:00,183.75999450683594,185.3000030517578,183.35000610351562,184.6999969482422,33175700,52.33243447719831,-0.16532379068206549,431186500.0,59.01382440769091,hold,0.0,0.0,1017.8099670410156,54.0,1044.0101318359375
121,2024-05-20 00:00:00-04:00,184.33999633789062,186.6699981689453,183.27999877929688,183.5399932861328,30511800,50.10386215134006,-0.3367044954312626,400674700.0,52.310476353418935,hold,0.0,0.0,955.1697692871094,54.0,1044.0101318359375
122,2024-05-21 00:00:00-04:00,182.3000030517578,183.25999450683594,180.75,183.14999389648438,50839100,49.343061049007275,-0.46694484699148653,349835600.0,44.054575831878964,hold,0.0,0.0,934.1098022460938,54.0,1044.0101318359375
123,2024-05-22 00:00:00-04:00,183.8800048828125,185.22000122070312,181.97000122070312,183.1300048828125,28148800,49.3017397186879,-0.5398943482105367,321686800.0,31.77302375491546,hold,0.0,0.0,933.0303955078125,54.0,1044.0101318359375
124,2024-05-23 00:00:00-04:00,183.66000366210938,184.75999450683594,180.0800018310547,181.0500030517578,33670200,45.07201398896219,-0.7033455979575809,288016600.0,19.18791658321672,hold,0.0,0.0,820.7102966308594,54.0,1044.0101318359375
125,2024-05-24 00:00:00-04:00,181.64999389648438,182.44000244140625,180.3000030517578,180.75,27434100,44.47928738323173,-0.799754775186615,260582500.0,11.94960279700299,hold,0.0,0.0,804.5101318359375,54.0,1044.0101318359375
126,2024-05-28 00:00:00-04:00,179.92999267578125,182.24000549316406,179.49000549316406,182.14999389648438,29927000,47.92115345555109,-0.7387767151628406,290509500.0,11.966313326241758,hold,0.0,0.0,880.1098022460938,54.0,1044.0101318359375
127,2024-05-29 00:00:00-04:00,181.6999969482422,184.0800018310547,181.5500030517578,182.02000427246094,32009300,47.625930828048574,-0.6783041069797137,258500200.0,16.09065825664645,hold,0.0,0.0,873.0903625488281,54.0,1044.0101318359375
128,2024-05-30 00:00:00-04:00,181.30999755859375,181.33999633789062,178.36000061035156,179.32000732421875,29249200,41.85776563785462,-0.7837842514245529,229251000.0,16.944077400223513,hold,0.0,0.0,727.29052734375,54.0,1044.0101318359375
129,2024-05-31 00:00:00-04:00,178.3000030517578,179.2100067138672,173.8699951171875,176.44000244140625,58903900,36.745504176828234,-0.9974522057087397,170347100.0,15.614907264083394,hold,0.0,0.0,571.770263671875,54.0,1044.0101318359375
130,2024-06-03 00:00:00-04:00,177.6999969482422,178.6999969482422,175.9199981689453,178.33999633789062,30786600,41.795994607900006,-0.9604076055342715,201133700.0,19.466119796670412,hold,0.0,0.0,674.3699340820312,54.0,1044.0101318359375
131,2024-06-04 00:00:00-04:00,177.63999938964844,179.82000732421875,176.44000244140625,179.33999633789062,27198400,44.31601990926004,-0.8234097172091424,228332100.0,30.257200306468043,hold,0.0,0.0,728.3699340820312,54.0,1044.0101318359375
132,2024-06-05 00:00:00-04:00,180.10000610351562,181.5,178.75,181.27999877929688,32116400,48.93515834534604,-0.569079222874834,260448500.0,42.702571692444515,hold,0.0,0.0,833.1300659179688,54.0,1044.0101318359375
133,2024-06-06 00:00:00-04:00,181.75,185.0,181.49000549316406,185.0,31371200,56.40325989398915,-0.13964693862363936,291819700.0,60.92883155705578,hold,0.0,0.0,1034.0101318359375,54.0,1044.0101318359375
134,2024-06-07 00:00:00-04:00,184.89999389648438,186.2899932861328,183.36000061035156,184.3000030517578,28021500,54.77978238874796,0.09526853171872945,263798200.0,74.52383526040677,hold,0.0,0.0,996.2102966308594,54.0,1044.0101318359375
135,2024-06-10 00:00:00-04:00,184.07000732421875,187.22999572753906,183.7899932861328,187.05999755859375,34494500,59.70464188109731,0.4165414096227885,298292700.0,89.05503955032326,hold,0.0,0.0,1145.25,54.0,1044.0101318359375
136,2024-06-11 00:00:00-04:00,187.05999755859375,187.77000427246094,184.5399932861328,187.22999572753906,27265100,59.99365052369216,0.6088628847168087,325557800.0,92.10900841116215,hold,0.0,0.0,1154.4299011230469,54.0,1044.0101318359375
137,2024-06-12 00:00:00-04:00,188.02000427246094,188.35000610351562,185.42999267578125,186.88999938964844,33984200,59.080971400091556,0.6763439295520088,291573600.0,94.91989867584743,hold,0.0,0.0,1136.0700988769531,54.0,1044.0101318359375
138,2024-06-13 00:00:00-04:00,186.08999633789062,187.6699981689453,182.6699981689453,183.8300018310547,39721500,51.48893531739584,0.48691429527245095,251852100.0,84.93888730615566,buy,-0.1760806684009681,1.0,970.8302307128906,55.0,860.1801300048828
139,2024-06-14 00:00:00-04:00,183.0800018310547,183.72000122070312,182.22999572753906,183.66000366210938,25456400,51.09610385021295,0.3297114722675207,226395700.0,75.43737262398284,buy,0.0,0.0,961.4803314208984,55.0,860.1801300048828
140,2024-06-17 00:00:00-04:00,182.52000427246094,185.0,181.22000122070312,184.05999755859375,35601900,52.02360356786884,0.23657270485096116,261997600.0,68.9226403867243,buy,0.0,0.0,983.4799957275391,55.0,860.1801300048828
141,2024-06-18 00:00:00-04:00,183.74000549316406,184.2899932861328,181.42999267578125,182.80999755859375,36659200,48.902266664758926,0.08263258160754161,225338400.0,66.57456603460764,buy,0.0,0.0,914.7299957275391,55.0,860.1801300048828
142,2024-06-20 00:00:00-04:00,182.91000366210938,186.50999450683594,182.72000122070312,186.10000610351562,44726800,56.32910549350025,0.18819754476509204,270065200.0,72.19151030283615,buy,0.0,0.0,1095.6804656982422,55.0,860.1801300048828
143,2024-06-21 00:00:00-04:00,187.8000030517578,189.27999877929688,185.86000061035156,189.0800018310547,72931800,61.75181668392867,0.4306681447913574,342997000.0,81.56821872922033,hold,0.0,0.0,1259.5802307128906,55.0,860.1801300048828
144,2024-06-24 00:00:00-04:00,189.3300018310547,191.0,185.3300018310547,185.57000732421875,50610400,53.34897893673863,0.33108024141252135,292386600.0,81.89014756187143,hold,0.0,0.0,1066.530532836914,55.0,860.1801300048828
145,2024-06-25 00:00:00-04:00,186.80999755859375,188.83999633789062,185.4199981689453,186.33999633789062,45898500,54.801955663773235,0.29470120794620636,338285100.0,74.38941956930051,buy,0.0,0.0,1108.8799285888672,55.0,860.1801300048828
146,2024-06-26 00:00:00-04:00,186.9199981689453,194.8000030517578,186.25999450683594,193.61000061035156,65103900,65.67294122303596,0.7139914235597774,403389000.0,71.96744613022916,buy,0.0,0.0,1508.7301635742188,55.0,860.1801300048828
147,2024-06-27 00:00:00-04:00,195.00999450683594,199.83999633789062,194.1999969482422,197.85000610351562,74397500,70.17801816684728,1.201911636424644,477786500.0,80.83628905360891,buy,0.0,0.0,1741.9304656982422,55.0,860.1801300048828
148,2024-06-28 00:00:00-04:00,197.72999572753906,198.85000610351562,192.5,193.25,76930200,60.84788618945389,1.14038193021203,400856300.0,81.71922407041632,buy,0.0,0.0,1488.9301300048828,55.0,860.1801300048828
149,2024-07-01 00:00:00-04:00,193.49000549316406,198.3000030517578,192.82000732421875,197.1999969482422,41192000,65.13442319594716,1.2807352075106906,442048300.0,79.91409075512723,buy,0.0,0.0,1706.1799621582031,55.0,860.1801300048828
150,2024-07-02 00:00:00-04:00,197.27999877929688,200.42999267578125,195.92999267578125,200.0,45600000,67.82369078498755,1.4639582985499282,487648300.0,82.73042504315355,buy,0.0,0.0,1860.1801300048828,55.0,860.1801300048828
151,2024-07-03 00:00:00-04:00,199.94000244140625,200.02999877929688,196.75999450683594,197.58999633789062,31597900,63.29813464828926,1.3286193870772665,456050400.0,89.59978736791123,buy,0.0,0.0,1727.6299285888672,55.0,860.1801300048828
152,2024-07-05 00:00:00-04:00,198.64999389648438,200.5500030517578,198.1699981689453,200.0,39858900,65.75865010758913,1.305280088058554,495909300.0,93.37744392249954,buy,0.0,0.0,1860.1801300048828,55.0,860.1801300048828
153,2024-07-08 00:00:00-04:00,200.0399932861328,201.1999969482422,197.9600067138672,199.2899932861328,34767300,64.38909436417974,1.1512766903204135,461142000.0,90.93704406477201,buy,0.0,0.0,1821.1297607421875,55.0,860.1801300048828
154,2024-07-09 00:00:00-04:00,199.39999389648438,200.57000732421875,199.0500030517578,199.33999633789062,32700100,64.44525643508143,0.969326734741399,493842100.0,92.72896370105401,hold,0.0,0.0,1823.8799285888672,55.0,860.1801300048828
155,2024-07-10 00:00:00-04:00,200.0,200.11000061035156,197.69000244140625,199.7899932861328,32883800,64.98051981406614,0.8027159197638625,526725900.0,91.13411102305048,hold,0.0,0.0,1848.6297607421875,55.0,860.1801300048828
156,2024-07-11 00:00:00-04:00,200.08999633789062,200.27000427246094,192.86000061035156,195.0500030517578,44565000,55.502174236316215,0.3214109859871028,482160900.0,81.40319219637428,hold,0.0,0.0,1587.9302978515625,55.0,860.1801300048828
157,2024-07-12 00:00:00-04:00,194.8000030517578,196.47000122070312,193.8300018310547,194.49000549316406,30598500,54.49090510783537,-0.06588251817605428,451562400.0,70.44559310498119,hold,0.0,0.0,1557.1304321289062,55.0,860.1801300048828
158,2024-07-15 00:00:00-04:00,194.55999755859375,196.19000244140625,190.8300018310547,192.72000122070312,40683200,51.30875202022585,-0.4510185561981541,410879200.0,55.075927976928135,hold,0.0,0.0,1459.7801971435547,55.0,860.1801300048828
159,2024-07-16 00:00:00-04:00,195.58999633789062,196.6199951171875,192.24000549316406,193.02000427246094,33994700,51.82229780781763,-0.6814818746814955,444873900.0,49.742611870268306,hold,0.0,0.0,1476.2803649902344,55.0,860.1801300048828
160,2024-07-17 00:00:00-04:00,191.35000610351562,191.5800018310547,185.99000549316406,187.92999267578125,48076100,43.44917303493387,-1.145342968853277,396797800.0,34.75450588991845,hold,0.0,0.0,1196.3297271728516,55.0,860.1801300048828
161,2024-07-18 00:00:00-04:00,189.58999633789062,189.67999267578125,181.4499969482422,183.75,51043600,38.016818575039665,-1.6704911522429762,345754200.0,23.215996612189567,hold,0.0,0.0,966.4301300048828,55.0,860.1801300048828
162,2024-07-19 00:00:00-04:00,181.13999938964844,184.92999267578125,180.11000061035156,183.1300048828125,43081800,37.27244340070236,-1.9755256456591175,302672400.0,12.906626684851341,hold,0.0,0.0,932.3303985595703,55.0,860.1801300048828
163,2024-07-22 00:00:00-04:00,185.0,185.05999755859375,182.47999572753906,182.5500030517578,39931900,36.5514252378014,-2.119551829676549,262740500.0,12.51155611455494,hold,0.0,0.0,900.4302978515625,55.0,860.1801300048828
164,2024-07-23 00:00:00-04:00,184.10000610351562,189.38999938964844,183.55999755859375,186.41000366210938,47537700,44.27707379198472,-1.8669295635376189,310278200.0,18.587026723023143,hold,0.0,0.0,1112.7303314208984,55.0,860.1801300048828
165,2024-07-24 00:00:00-04:00,183.1999969482422,185.4499969482422,180.41000366210938,180.8300018310547,41532400,37.2214144937454,-1.9771224019548823,268745800.0,14.951807106878103,hold,0.0,0.0,805.8302307128906,55.0,860.1801300048828
166,2024-07-25 00:00:00-04:00,182.91000366210938,183.89999389648438,176.8000030517578,179.85000610351562,44464200,36.13240885047746,-2.0108763233783256,224281600.0,15.261986389507054,hold,0.0,0.0,751.9304656982422,55.0,860.1801300048828
167,2024-07-26 00:00:00-04:00,180.38999938964844,183.19000244140625,180.24000549316406,182.5,29506000,41.14674153656713,-1.7587097247742685,253787600.0,13.297917200271984,hold,0.0,0.0,897.6801300048828,55.0,860.1801300048828
168,2024-07-29 00:00:00-04:00,183.83999633789062,184.75,182.3800048828125,183.1999969482422,33270100,42.43246102917812,-1.4609884676775478,287057700.0,21.249543798665357,hold,0.0,0.0,936.1799621582031,55.0,860.1801300048828
169,2024-07-30 00:00:00-04:00,184.72000122070312,185.86000061035156,179.3800048828125,181.7100067138672,39508600,40.408862747348856,-1.2867514509759381,247549100.0,24.056318031632568,hold,0.0,0.0,854.2304992675781,55.0,860.1801300048828
170,2024-07-31 00:00:00-04:00,185.0500030517578,187.94000244140625,184.4600067138672,186.97999572753906,41667300,49.56958282996841,-0.7647069062891176,289216400.0,33.18380290544731,hold,0.0,0.0,1144.0798950195312,55.0,860.1801300048828
171,2024-08-01 00:00:00-04:00,189.2899932861328,190.60000610351562,181.8699951171875,184.07000732421875,70435600,45.417750632717265,-0.5723139059928348,218780800.0,36.32091320486265,hold,0.0,0.0,984.0305328369141,55.0,860.1801300048828
172,2024-08-02 00:00:00-04:00,166.75,168.77000427246094,160.5500030517578,167.89999389648438,141448400,30.25389526967702,-1.4415450663616574,77332400.0,36.139808339207846,hold,0.0,0.0,94.67979431152344,55.0,860.1801300048828
173,2024-08-05 00:00:00-04:00,154.2100067138672,162.9600067138672,151.61000061035156,161.02000427246094,83149400,26.239648143718792,-2.334461961030583,-5817000.0,26.86661550072456,hold,0.0,0.0,-283.7196350097656,55.0,860.1801300048828
174,2024-08-06 00:00:00-04:00,161.7100067138672,165.0800018310547,158.5399932861328,161.92999267578125,59950800,27.607840302526974,-2.692957526077781,54133800.0,23.462663434709413,buy,-0.18825125927387099,1.0,-233.67027282714844,56.0,698.2501373291016
175,2024-08-07 00:00:00-04:00,166.5500030517578,167.5800018310547,161.42999267578125,162.77000427246094,48408200,28.918573678982924,-2.696023186664164,102542000.0,26.21123190112852,hold,0.0,0.0,-186.62962341308594,56.0,698.2501373291016
176,2024-08-08 00:00:00-04:00,165.1699981689453,166.69000244140625,162.5500030517578,165.8000030517578,44616200,33.58948405907134,-2.330246913985218,147158200.0,30.494992855882142,hold,0.0,0.0,-16.949691772460938,56.0,698.2501373291016
177,2024-08-09 00:00:00-04:00,166.39999389648438,168.5500030517578,165.85000610351562,166.94000244140625,36401000,35.311817363971045,-1.8677665014084237,183559200.0,34.778150126791296,hold,0.0,0.0,46.89027404785156,56.0,698.2501373291016
178,2024-08-12 00:00:00-04:00,168.13999938964844,168.5500030517578,166.11000061035156,166.8000030517578,30072800,35.19111394647127,-1.4463473089712338,153486400.0,38.2234764596327,hold,0.0,0.0,39.05030822753906,56.0,698.2501373291016
179,2024-08-13 00:00:00-04:00,167.80999755859375,171.0399932861328,167.10000610351562,170.22999572753906,39237900,40.55258771406696,-0.8416309127128834,192724300.0,42.01076555226777,hold,0.0,0.0,231.12989807128906,56.0,698.2501373291016
180,2024-08-14 00:00:00-04:00,172.11000061035156,172.27999877929688,168.86000061035156,170.10000610351562,28843800,40.41612798298572,-0.3789991194059299,163880500.0,44.71231570778425,hold,0.0,0.0,223.85047912597656,56.0,698.2501373291016
181,2024-08-15 00:00:00-04:00,174.86000061035156,177.91000366210938,173.99000549316406,177.58999633789062,51698500,50.70849500181414,0.45747800289673535,215579000.0,53.93689616941441,buy,0.0,0.0,643.2899322509766,56.0,698.2501373291016
182,2024-08-16 00:00:00-04:00,177.0399932861328,178.33999633789062,176.25999450683594,177.05999755859375,31489200,50.049676004095865,0.9715649742595485,184089800.0,59.77600095594075,buy,0.0,0.0,613.6100006103516,56.0,698.2501373291016
183,2024-08-19 00:00:00-04:00,177.63999938964844,178.3000030517578,176.16000366210938,178.22000122070312,31129800,51.53387742671481,1.3622723707740638,215219600.0,66.7179467310883,buy,0.0,0.0,678.5702056884766,56.0,698.2501373291016
184,2024-08-20 00:00:00-04:00,177.9199981689453,179.00999450683594,177.42999267578125,178.8800048828125,26255200,52.400497248483845,1.6201525864934174,241474800.0,67.8208007647526,buy,0.0,0.0,715.5304107666016,56.0,698.2501373291016
185,2024-08-21 00:00:00-04:00,179.9199981689453,182.38999938964844,178.88999938964844,180.11000061035156,35599100,54.0495041932235,1.8139436980881096,277073900.0,76.92728954044905,buy,0.0,0.0,784.4101715087891,56.0,698.2501373291016
186,2024-08-22 00:00:00-04:00,181.3800048828125,181.47000122070312,175.67999267578125,176.1300048828125,32047500,48.227428338205755,1.620782322751256,245026400.0,80.73191439429951,buy,0.0,0.0,561.5304107666016,56.0,698.2501373291016
187,2024-08-23 00:00:00-04:00,177.33999633789062,178.97000122070312,175.24000549316406,177.0399932861328,29150100,49.565117156143835,1.503585736173127,274176500.0,83.27428196151229,buy,0.0,0.0,612.4897613525391,56.0,698.2501373291016
188,2024-08-26 00:00:00-04:00,176.6999969482422,177.47000122070312,174.3000030517578,175.5,22366200,47.336089831836944,1.280366962379155,251810300.0,74.78604188558522,buy,0.0,0.0,526.2501373291016,56.0,698.2501373291016
189,2024-08-27 00:00:00-04:00,174.14999389648438,174.88999938964844,172.25,173.1199951171875,29842000,44.039779476317854,0.9458712396245517,221968300.0,65.99072329221465,buy,0.0,0.0,392.96986389160156,56.0,698.2501373291016
190,2024-08-28 00:00:00-04:00,173.69000244140625,173.69000244140625,168.9199981689453,170.8000030517578,29045000,41.03969699546401,0.5608381454882192,192923300.0,50.11049928737031,buy,0.0,0.0,263.05030822753906,56.0,698.2501373291016
191,2024-08-29 00:00:00-04:00,173.22000122070312,174.2899932861328,170.80999755859375,172.1199951171875,26407800,43.40212033791509,0.3953302970584218,219331100.0,40.04001758929983,buy,0.0,0.0,336.96986389160156,56.0,698.2501373291016
192,2024-08-30 00:00:00-04:00,172.77999877929688,178.89999389648438,172.60000610351562,178.5,43429400,53.169185840529316,0.6981099738088687,262760500.0,47.134133686690284,buy,0.0,0.0,694.2501373291016,56.0,698.2501373291016
193,2024-09-03 00:00:00-04:00,177.5500030517578,178.25999450683594,175.25999450683594,176.25,37817500,49.898791257846796,0.7261931039308367,224943000.0,55.364774515194796,buy,0.0,0.0,568.2501373291016,56.0,698.2501373291016
194,2024-09-04 00:00:00-04:00,174.47999572753906,175.97999572753906,172.5399932861328,173.3300018310547,30309200,45.948775474801415,0.5362167374145523,194633800.0,53.97244591948238,buy,0.0,0.0,404.73023986816406,56.0,698.2501373291016
195,2024-09-05 00:00:00-04:00,175.0,179.8800048828125,175.0,177.88999938964844,40170500,52.2991796604161,0.6956574842612813,234804300.0,51.31708019742287,buy,0.0,0.0,660.0901031494141,56.0,698.2501373291016
196,2024-09-06 00:00:00-04:00,177.24000549316406,178.3800048828125,171.16000366210938,171.38999938964844,41466500,44.30799200778225,0.35833921087436726,193337800.0,39.22297616215624,buy,0.0,0.0,296.09010314941406,56.0,698.2501373291016
197,2024-09-09 00:00:00-04:00,174.52999877929688,175.85000610351562,173.50999450683594,175.39999389648438,29037400,49.440550348940064,0.39725135732599415,222375200.0,44.345450494843874,buy,0.0,0.0,520.6497955322266,56.0,698.2501373291016
198,2024-09-10 00:00:00-04:00,177.49000549316406,180.5,176.7899932861328,179.5500030517578,36233800,54.15000157480944,0.6779675946862049,258609000.0,48.45335327057633,buy,0.0,0.0,753.0503082275391,56.0,698.2501373291016
199,2024-09-11 00:00:00-04:00,180.10000610351562,184.99000549316406,175.72999572753906,184.52000427246094,42564700,59.06733958418322,1.146311095357916,301173700.0,74.69943214798712,buy,0.0,0.0,1031.370376586914,56.0,698.2501373291016
200,2024-09-12 00:00:00-04:00,184.8000030517578,187.41000366210938,183.5399932861328,187.0,33622500,61.29785336867365,1.5461853811949027,334796200.0,91.25799810812327,buy,0.0,0.0,1170.2501373291016,56.0,698.2501373291016
201,2024-09-13 00:00:00-04:00,187.0,188.5,185.91000366210938,186.49000549316406,26495400,60.5669334892536,1.6878441579777927,308300800.0,94.86410241606261,buy,0.0,0.0,1141.690444946289,56.0,698.2501373291016
202,2024-09-16 00:00:00-04:00,185.2899932861328,185.80999755859375,183.36000061035156,184.88999938964844,26065500,58.22136709219391,1.58682353710617,282235300.0,89.69327857991891,buy,0.0,0.0,1052.090103149414,56.0,698.2501373291016
203,2024-09-17 00:00:00-04:00,186.85000610351562,189.4499969482422,186.13999938964844,186.8800048828125,26091700,60.281622053917204,1.5644813004966636,308327000.0,86.25968055258842,buy,0.0,0.0,1163.5304107666016,56.0,698.2501373291016
204,2024-09-18 00:00:00-04:00,186.4499969482422,188.8000030517578,185.05999755859375,186.42999267578125,34448100,59.566266705718675,1.4333423692047835,273878900.0,84.28094985755442,buy,0.0,0.0,1138.3297271728516,56.0,698.2501373291016
205,2024-09-19 00:00:00-04:00,190.0399932861328,190.99000549316406,188.47000122070312,189.8699951171875,39543200,63.164751276467825,1.4858710667884476,313422100.0,88.54399063024493,buy,0.0,0.0,1330.9698638916016,56.0,698.2501373291016
206,2024-09-20 00:00:00-04:00,190.22999572753906,191.83999633789062,187.41000366210938,191.60000610351562,100378600,64.85858152468171,1.5382511742577771,413800700.0,92.32990172137939,buy,0.0,0.0,1427.8504791259766,56.0,698.2501373291016
207,2024-09-23 00:00:00-04:00,191.63999938964844,194.4499969482422,190.57000732421875,193.8800048828125,36993100,67.0115544381736,1.619385247027739,450793800.0,96.91469213274891,buy,0.0,0.0,1555.5304107666016,56.0,698.2501373291016
208,2024-09-24 00:00:00-04:00,194.27000427246094,195.3699951171875,190.1300048828125,193.9600067138672,43478900,67.08774950495939,1.5701989938402239,494272700.0,96.856047487233,buy,0.0,0.0,1560.010513305664,56.0,698.2501373291016
209,2024-09-25 00:00:00-04:00,193.75,193.9499969482422,192.16000366210938,192.52999877929688,26391100,64.23187697637599,1.3419648130257213,467881600.0,93.33265280823673,buy,0.0,0.0,1479.9300689697266,56.0,698.2501373291016
210,2024-09-26 00:00:00-04:00,194.30999755859375,194.52999877929688,189.5399932861328,191.16000366210938,36334900,61.52951010546024,1.0142425413508098,431546700.0,87.7288155349026,buy,0.0,0.0,1403.2103424072266,56.0,698.2501373291016
211,2024-09-27 00:00:00-04:00,190.67999267578125,190.89999389648438,187.33999633789062,187.97000122070312,36002300,55.65765562815872,0.5228825252712221,395544400.0,77.11075419322835,buy,0.0,0.0,1224.5702056884766,56.0,698.2501373291016
212,2024-09-30 00:00:00-04:00,187.13999938964844,188.49000549316406,184.64999389648438,186.3300018310547,41583900,52.86451114442946,0.052441263795612425,353960500.0,65.67815363571533,hold,0.0,0.0,1132.730239868164,56.0,698.2501373291016
213,2024-10-01 00:00:00-04:00,184.89999389648438,186.19000244140625,183.4499969482422,185.1300048828125,36044900,50.85351780858121,-0.3522668156273445,317915600.0,43.67703418850936,hold,0.0,0.0,1065.5304107666016,56.0,698.2501373291016
214,2024-10-02 00:00:00-04:00,184.44000244140625,186.60000610351562,184.0399932861328,184.75999450683594,23704100,50.21915998618462,-0.6407884523602312,294211500.0,26.788729149910473,hold,0.0,0.0,1044.809829711914,56.0,698.2501373291016
215,2024-10-03 00:00:00-04:00,183.0500030517578,183.44000244140625,180.8800048828125,181.9600067138672,30204300,45.585085685791505,-0.9949768921444546,264007200.0,11.282700580940205,hold,0.0,0.0,888.0105133056641,56.0,698.2501373291016
216,2024-10-04 00:00:00-04:00,185.75,187.60000610351562,183.60000610351562,186.50999450683594,40890300,53.15056852790317,-0.9004308440100468,304897500.0,19.32155925696336,hold,0.0,0.0,1142.809829711914,56.0,698.2501373291016
217,2024-10-07 00:00:00-04:00,182.9499969482422,183.60000610351562,180.25,180.8000030517578,42364200,44.74327222837527,-1.1822986147491865,262533300.0,16.64845273860551,hold,0.0,0.0,823.0503082275391,56.0,698.2501373291016
218,2024-10-08 00:00:00-04:00,181.9199981689453,183.08999633789062,180.9199981689453,182.72000122070312,26372100,47.736872918728956,-1.1956964900485905,288905400.0,19.609305530565376,hold,0.0,0.0,930.5702056884766,56.0,698.2501373291016
219,2024-10-09 00:00:00-04:00,182.82000732421875,185.85000610351562,182.0500030517578,185.1699981689453,26343100,51.358200037507785,-1.0035717791641452,315248500.0,17.504420206195554,hold,0.0,0.0,1067.770034790039,56.0,698.2501373291016
220,2024-10-10 00:00:00-04:00,187.1300048828125,188.1300048828125,185.8300018310547,186.64999389648438,27785000,53.456238499518875,-0.7523168564285341,343033500.0,30.40122958429878,hold,0.0,0.0,1150.6497955322266,56.0,698.2501373291016
221,2024-10-11 00:00:00-04:00,186.6300048828125,189.92999267578125,186.3000030517578,188.82000732421875,25751600,56.42405640830717,-0.43142146076288435,368785100.0,43.849219164184085,hold,0.0,0.0,1272.1705474853516,56.0,698.2501373291016
222,2024-10-14 00:00:00-04:00,189.77999877929688,189.8300018310547,187.36000061035156,187.5399932861328,22614400,54.22754865704616,-0.3028880289189093,346170700.0,50.019451356964325,hold,0.0,0.0,1200.489761352539,56.0,698.2501373291016
223,2024-10-15 00:00:00-04:00,187.6300048828125,188.41000366210938,184.5800018310547,187.69000244140625,32178900,54.45133408972113,-0.20971020172539312,378349600.0,53.27706677576574,hold,0.0,0.0,1208.8902740478516,56.0,698.2501373291016
224,2024-10-16 00:00:00-04:00,187.0500030517578,187.77999877929688,185.61000061035156,186.88999938964844,23456800,52.96413841244627,-0.2037267059267207,354892800.0,55.16622908114278,hold,0.0,0.0,1164.090103149414,56.0,698.2501373291016
225,2024-10-17 00:00:00-04:00,188.22000122070312,188.94000244140625,186.0,187.52999877929688,25039400,54.04547396099148,-0.16034666647366969,379932200.0,63.218321863627104,hold,0.0,0.0,1199.9300689697266,56.0,698.2501373291016
226,2024-10-18 00:00:00-04:00,187.14999389648438,190.74000549316406,186.27999877929688,188.99000549316406,37417700,56.502210261109845,-0.043104837067026835,417349900.0,73.62385254204392,hold,0.0,0.0,1281.690444946289,56.0,698.2501373291016
227,2024-10-21 00:00:00-04:00,188.0500030517578,189.4600067138672,186.39999389648438,189.07000732421875,24639400,56.63900181420605,0.026315677876237897,441989300.0,80.86807061344926,hold,0.0,0.0,1286.1705474853516,56.0,698.2501373291016
228,2024-10-22 00:00:00-04:00,188.35000610351562,191.52000427246094,186.97999572753906,189.6999969482422,29650600,57.76536636801008,0.0971625385839252,471639900.0,83.74947626242363,hold,0.0,0.0,1321.449966430664,56.0,698.2501373291016
229,2024-10-23 00:00:00-04:00,188.85000610351562,189.16000366210938,183.69000244140625,184.7100067138672,31937100,47.28741734313786,-0.1936859426680868,439702800.0,69.16836998051842,hold,0.0,0.0,1042.010513305664,56.0,698.2501373291016
230,2024-10-24 00:00:00-04:00,185.25,187.11000061035156,183.86000061035156,186.3800048828125,21647400,50.52202526811747,-0.2705249486710535,461350200.0,59.27240741718578,hold,0.0,0.0,1135.5304107666016,56.0,698.2501373291016
231,2024-10-25 00:00:00-04:00,187.85000610351562,190.4499969482422,187.52999877929688,187.8300018310547,29362100,53.20690536691286,-0.22262231683799927,490712300.0,53.05167523288535,hold,0.0,0.0,1216.730239868164,56.0,698.2501373291016
232,2024-10-28 00:00:00-04:00,189.57000732421875,190.2100067138672,188.2100067138672,188.38999938964844,27930800,54.23968046656586,-0.15533545872708654,518643100.0,62.176366992631934,hold,0.0,0.0,1248.090103149414,56.0,698.2501373291016
233,2024-10-29 00:00:00-04:00,188.5800018310547,191.4600067138672,187.82000732421875,190.8300018310547,35690200,58.53409487108191,0.04090532910995037,554333300.0,74.441532319062,hold,0.0,0.0,1384.730239868164,56.0,698.2501373291016
234,2024-10-30 00:00:00-04:00,194.6999969482422,195.61000061035156,192.4199981689453,192.72999572753906,37707600,61.55928702235125,0.27312936017780487,592040900.0,77.99160073314258,hold,0.0,0.0,1491.129898071289,56.0,698.2501373291016
235,2024-10-31 00:00:00-04:00,190.50999450683594,190.60000610351562,185.22999572753906,186.39999389648438,75146800,48.78854819249365,-0.01010819407025565,516894100.0,63.25380765989731,hold,0.0,0.0,1136.6497955322266,56.0,698.2501373291016
236,2024-11-01 00:00:00-04:00,199.0,200.5,197.02000427246094,197.92999267578125,99687800,63.60088007988746,0.5382272501312171,616581900.0,61.09504936853044,hold,0.0,0.0,1782.3297271728516,56.0,698.2501373291016
237,2024-11-04 00:00:00-05:00,196.4499969482422,197.3300018310547,194.30999755859375,195.77999877929688,38492100,60.109538131825644,0.7047799870620017,578089800.0,59.78924352609144,buy,0.0,0.0,1661.9300689697266,56.0,698.2501373291016
238,2024-11-05 00:00:00-05:00,196.0399932861328,199.82000732421875,195.99000549316406,199.5,30564800,63.81117863635686,0.9963107885975355,608654600.0,83.56135286749087,buy,0.0,0.0,1870.2501373291016,56.0,698.2501373291016
239,2024-11-06 00:00:00-05:00,200.00999450683594,207.5500030517578,199.13999938964844,207.08999633789062,72292200,69.94023860009453,1.5955961469961113,680946800.0,88.01489407276063,buy,0.0,0.0,2295.2899322509766,56.0,698.2501373291016
240,2024-11-07 00:00:00-05:00,207.44000244140625,212.25,207.19000244140625,210.0500030517578,52878400,71.93641275725496,2.0572487630004126,733825200.0,94.80671568006001,buy,0.0,0.0,2461.050308227539,56.0,698.2501373291016
241,2024-11-08 00:00:00-05:00,209.72000122070312,209.9600067138672,207.44000244140625,208.17999267578125,36075800,68.82679882078561,2.095505956542817,697749400.0,92.03942024567674,buy,0.0,0.0,2356.3297271728516,56.0,698.2501373291016
242,2024-11-11 00:00:00-05:00,208.5,209.64999389648438,205.58999633789062,206.83999633789062,35456000,66.60497981987756,1.8954297722649533,662293400.0,86.36787005950359,buy,0.0,0.0,2281.2899322509766,56.0,698.2501373291016
243,2024-11-12 00:00:00-05:00,208.3699951171875,209.5399932861328,206.00999450683594,208.91000366210938,38942900,68.30701006236798,1.769757567712718,701236300.0,85.01399604935845,buy,0.0,0.0,2397.2103424072266,56.0,698.2501373291016
244,2024-11-13 00:00:00-05:00,209.39999389648438,215.08999633789062,209.13999938964844,214.10000610351562,46212900,72.1408485276344,1.8923854448534838,747449200.0,88.65909195342309,buy,0.0,0.0,2687.8504791259766,56.0,698.2501373291016
245,2024-11-14 00:00:00-05:00,214.16000366210938,215.89999389648438,210.8800048828125,211.47999572753906,42620300,67.68930345340057,1.6614847452643478,704828900.0,90.16946514309774,buy,0.0,0.0,2541.129898071289,56.0,698.2501373291016
246,2024-11-15 00:00:00-05:00,206.75999450683594,207.33999633789062,199.61000061035156,202.61000061035156,86591100,55.25769444645945,0.8184570940869218,618237800.0,79.64695382466226,hold,0.0,0.0,2044.410171508789,56.0,698.2501373291016
247,2024-11-18 00:00:00-05:00,204.14999389648438,204.6699981689453,200.9499969482422,201.6999969482422,36512500,54.158738508360486,0.14207566043295206,581725300.0,65.31899759982103,hold,0.0,0.0,1993.449966430664,56.0,698.2501373291016
248,2024-11-19 00:00:00-05:00,199.3300018310547,205.3000030517578,198.77999877929688,204.61000061035156,31197900,57.097125478086404,-0.15093799610261804,612923200.0,57.852422741285324,hold,0.0,0.0,2156.410171508789,56.0,698.2501373291016
249,2024-11-20 00:00:00-05:00,202.97999572753906,203.1300048828125,199.4499969482422,202.8800048828125,32769000,54.84632927327603,-0.484073799888761,580154200.0,52.1946129967573,hold,0.0,0.0,2059.5304107666016,56.0,698.2501373291016
250,2024-11-21 00:00:00-05:00,203.49000549316406,203.49000549316406,195.75,198.3800048828125,58800000,49.39212038321115,-1.0005657582864833,521354200.0,40.57816809107475,hold,0.0,0.0,1807.5304107666016,56.0,698.2501373291016
251,2024-11-22 00:00:00-05:00,198.25,199.25999450683594,196.75,197.1199951171875,31471400,47.95412898542893,-1.395857340967427,489882800.0,21.781562007899147,hold,0.0,0.0,1736.9698638916016,56.0,698.2501373291016
